Domain,Status,Attractiveness,Demand,Length,Sectors,Created,Expires,Registrar
complete.day,available,120,21%,8,"Manufacturing,Retail,Technology",,,
second.day,available,120,23%,6,"General,Mathematics",,,
wizard.day,available,118,42%,6,"Entertainment,Media,Technology",,,
flat.day,available,116,24%,4,"Construction,Real Estate",,,
equal.day,available,116,19%,5,"Education,General,Law",,,
tenth.day,available,116,7%,5,Mathematics,,,
tonic.day,available,114,22%,5,"Health and Fitness,Medicine,Science",,,
acute.day,available,112,9%,5,"Mathematics,Medicine,Science",,,
above.day,available,112,22%,5,Business,,,
hotshot.day,available,112,14%,7,"Business,Entertainment,Sports",,,
abstract.day,available,108,29%,8,"Arts,Humanities,Science",,,
abiding.day,available,106,5%,7,"General,Religion",,,
teen.day,available,104,14%,4,"Education,Entertainment,Healthcare",,,
active.day,available,104,27%,6,"Health and Fitness,Sports,Travel",,,
absent.day,available,102,8%,6,"Business,Education,Technology",,,
eight.day,available,102,23%,5,"General,Mathematics",,,
captive.day,available,102,14%,7,"Entertainment,Hospitality,Technology",,,
extra.day,available,102,26%,5,"Fashion,Retail,Technology",,,
ninth.day,available,100,9%,5,Mathematics,,,
adjunct.day,available,100,5%,7,Education,,,
whiz.day,available,100,12%,4,"Business,Education,Technology",,,
abrupt.day,available,100,3%,6,"Medicine,Science",,,
remove.day,available,100,13%,6,"Construction,Manufacturing,Technology",,,
third.day,available,100,16%,5,Mathematics,,,
genius.day,available,98,46%,6,"Arts,Education,Technology",,,
whizz.day,available,98,11%,5,"Business,Education,Technology",,,
alamode.day,available,96,12%,9,Fashion,,,
doable.day,available,96,9%,6,"Business,Education,Technology",,,
forgiving.day,available,96,3%,9,"Healthcare,Religion",,,
academic.day,available,96,20%,8,"Education,Humanities,Science",,,
actual.day,available,96,22%,6,"Real Estate,Retail,Technology",,,
adequate.day,available,94,9%,8,"Education,Healthcare,Technology",,,
around.day,available,94,22%,6,"Business,General,Media,Technology",,,
virtuoso.day,available,94,16%,8,"Arts,Entertainment",,,
about.day,available,94,28%,5,"Business,General,Media,Technology",,,
abject.day,available,94,7%,6,Humanities,,,
abroad.day,available,92,12%,6,"Hospitality,Travel",,,
twentieth.day,available,92,3%,9,Mathematics,,,
derelict.day,available,92,7%,8,"Construction,Real Estate",,,
neutral.day,available,92,20%,7,"Business,Media,Politics",,,
nought.day,available,92,4%,6,Mathematics,,,
adjective.day,available,92,5%,9,Education,,,
adept.day,available,92,24%,5,"Education,Health and Fitness,Sports",,,
exemplary.day,available,92,5%,9,"Business,Education,Healthcare",,,
gripping.day,available,90,3%,8,"Entertainment,Media,Technology",,,
addictive.day,available,90,9%,9,Healthcare,,,
abortive.day,available,90,1%,8,"Medicine,Science",,,
endearing.day,available,90,1%,9,"Entertainment,Fashion,Retail",,,
additional.day,available,90,8%,10,"Fashion,Retail,Technology",,,
leash.day,available,90,7%,5,"General,Health and Fitness,Retail",,,
riveting.day,available,90,6%,8,"Entertainment,Media,Technology",,,
adoring.day,available,90,2%,7,"Entertainment,Fashion,Retail",,,
proficient.day,available,88,8%,10,"Education,Health and Fitness,Sports",,,
adlib.day,available,88,7%,6,Entertainment,,,
sixteen.day,available,88,11%,7,Mathematics,,,
wide.day,available,88,18%,4,"Business,Media,Technology",,,
three.day,available,88,24%,5,Mathematics,,,
fifteen.day,available,88,13%,7,Mathematics,,,
eleven.day,available,88,33%,6,Mathematics,,,
ten.day,available,88,28%,3,"General,Mathematics",,,
twelve.day,available,88,18%,6,"General,Mathematics",,,
hundred.day,available,88,14%,7,Mathematics,,,
ace.day,available,88,34%,3,Sports,,,
actionable.day,available,88,13%,10,"Business,Law",,,
activist.day,available,88,12%,8,"Humanities,Politics",,,
engrossing.day,available,86,0%,10,"Entertainment,Media,Technology",,,
xiv.day,available,86,12%,3,Mathematics,,,
cipher.day,available,86,29%,6,Mathematics,,,
xix.day,available,86,11%,3,Mathematics,,,
recondite.day,available,86,4%,9,"Arts,Humanities,Science",,,
adolescent.day,available,86,3%,10,"Education,Entertainment,Healthcare",,,
aboriginal.day,available,86,10%,10,Humanities,,,
star.day,available,86,40%,4,"Entertainment,Media,Sports",,,
extempore.day,available,86,3%,9,Entertainment,,,
attendant.day,available,86,5%,9,"Healthcare,Hospitality,Transportation",,,
grand.day,available,84,25%,5,"Finance,General",,,
seventeen.day,available,84,7%,9,Mathematics,,,
fourteen.day,available,84,8%,8,Mathematics,,,
nineteen.day,available,84,8%,8,Mathematics,,,
adjustable.day,available,84,3%,10,"Manufacturing,Retail,Technology",,,
accessory.day,available,84,8%,9,"Fashion,Retail,Technology",,,
twentytwo.day,available,84,11%,10,Mathematics,,,
deviate.day,available,84,12%,7,"Medicine,Science",,,
acting.day,available,84,12%,6,Entertainment,,,
twentyone.day,available,84,13%,10,Mathematics,,,
absorbent.day,available,82,3%,9,"Healthcare,Manufacturing,Retail",,,
cleansing.day,available,82,3%,9,Health and Fitness,,,
dozen.day,available,82,10%,5,Mathematics,,,
enduring.day,available,82,9%,8,"Health and Fitness,Religion",,,
altered.day,available,82,9%,7,"Medicine,Science",,,
abdominal.day,available,82,1%,9,"Health and Fitness,Medicine",,,
abkhaz.day,available,82,1%,6,Geography,,,
decade.day,available,82,10%,6,Mathematics,,,
abenaki.day,available,82,2%,7,Geography,,,
abroach.day,available,82,1%,7,Food and Beverage,,,
fivesome.day,available,82,1%,8,Sports,,,
impromptu.day,available,82,16%,9,Entertainment,,,
adoptable.day,available,80,3%,9,"Education,Healthcare",,,
worshipful.day,available,80,1%,10,"Education,Healthcare,Religion",,,
able.day,available,80,29%,4,"Business,Education,General,Technology",,,
wiz.day,available,80,30%,3,"Business,Education,Technology",,,
twenty.day,available,80,12%,6,Mathematics,,,
yard.day,available,80,26%,4,"Construction,General",,,
seventh.day,expiring,80,10%,7,Mathematics,31/08/2023 22:57,31/08/2025 22:57,"GoDaddy.com, LLC"
trio.day,available,80,21%,4,Entertainment,,,
capable.day,available,80,12%,7,"Business,Education,Technology",,,
first.day,expired,80,36%,5,"General,Mathematics",09/06/2023 05:31,09/06/2025 05:31,"GoDaddy.com, LLC"
forty.day,available,80,9%,5,Mathematics,,,
nine.day,available,80,24%,4,"General,Mathematics",,,
absorbable.day,available,80,0%,10,"Healthcare,Pharmaceuticals,Science",,,
sequent.day,available,80,7%,7,"Healthcare,Insurance,Transportation",,,
abundant.day,available,80,19%,8,"Agriculture,Manufacturing,Retail",,,
superstar.day,available,80,18%,9,Entertainment,,,
absurd.day,available,80,16%,6,"Arts,Entertainment,Media",,,
dorsal.day,available,80,6%,6,"Medicine,Science",,,
absolute.day,available,80,25%,8,"Engineering,Mathematics,Science",,,
sixtynine.day,available,78,8%,10,Mathematics,,,
honestly.day,available,78,9%,8,"Business,Law",,,
recognised.day,available,78,3%,10,"Business,Education,Technology",,,
accepted.day,available,78,6%,8,"Business,Education,Technology",,,
accurate.day,available,78,16%,8,"Engineering,Mathematics,Science",,,
accessible.day,available,78,21%,10,"Healthcare,Retail,Technology",,,
accidental.day,available,78,11%,10,"Healthcare,Insurance,Transportation",,,
abkhazian.day,available,78,1%,9,Geography,,,
athletic.day,available,78,15%,8,"Health and Fitness,Sports",,,
adrenal.day,available,78,4%,7,"Education,Healthcare,Science",,,
abkhasian.day,available,78,1%,9,Geography,,,
abounding.day,available,78,2%,9,Agriculture,,,
low.day,available,78,20%,3,"Business,Finance",,,
acceptant.day,available,78,1%,9,"Education,Healthcare",,,
dormant.day,available,78,4%,7,"Medicine,Science",,,
adorable.day,available,78,8%,8,"Entertainment,Fashion,Retail",,,
twentysix.day,available,78,8%,10,Mathematics,,,
acceptable.day,available,78,5%,10,"Business,Hospitality,Retail",,,
recognized.day,available,78,3%,10,"Business,Education,Technology",,,
absorptive.day,available,78,1%,10,"Healthcare,Manufacturing,Retail",,,
adjacent.day,available,78,9%,8,"Construction,Real Estate,Retail",,,
incidental.day,available,76,4%,10,"Healthcare,Insurance,Transportation",,,
firstrate.day,available,76,6%,10,Business,,,
adherent.day,available,76,4%,8,"Politics,Religion",,,
fourteenth.day,available,76,1%,10,Mathematics,,,
adhesive.day,available,76,7%,8,"Construction,Manufacturing,Technology",,,
adaptable.day,available,76,9%,9,"Business,Education,Technology",,,
thirteenth.day,available,76,4%,10,Mathematics,,,
nineteenth.day,available,76,3%,10,Mathematics,,,
thousandth.day,available,76,1%,10,Mathematics,,,
energizing.day,available,76,3%,10,"Food and Beverage,Health and Fitness,Travel",,,
resultant.day,available,76,2%,9,"Healthcare,Insurance,Transportation",,,
ventral.day,available,76,3%,7,Science,,,
auxiliary.day,available,76,7%,9,"Healthcare,Manufacturing,Technology",,,
adaptive.day,available,76,28%,8,"Business,Education,Technology",,,
threed.day,available,76,7%,7,Technology,,,
eighteen.day,available,76,7%,8,Mathematics,,,
acoustic.day,available,76,14%,8,Science,,,
abrasive.day,available,76,6%,8,"Construction,Manufacturing",,,
fifteenth.day,available,76,2%,9,Mathematics,,,
adipose.day,available,76,2%,7,"Healthcare,Science",,,
addable.day,available,76,2%,7,"Engineering,Mathematics,Science",,,
ancillary.day,available,76,6%,9,"Healthcare,Manufacturing,Technology",,,
obscene.day,available,76,5%,7,"Entertainment,Media",,,
improvise.day,available,76,4%,9,Entertainment,,,
ague.day,available,76,2%,4,"Geography,Medicine,Science",,,
hundredth.day,available,76,1%,9,Mathematics,,,
diamond.day,available,76,32%,7,Fashion,,,
manageable.day,available,74,4%,10,"Business,Education,Technology",,,
realizable.day,available,74,1%,10,"Business,Education,Technology",,,
single.day,available,74,19%,6,Sports,,,
adapted.day,available,74,6%,7,"Healthcare,Manufacturing,Technology",,,
cleared.day,available,74,7%,7,"Healthcare,Law,Transportation",,,
mavin.day,available,74,7%,5,"Entertainment,Fashion,Technology",,,
playing.day,available,74,12%,7,Entertainment,,,
sensation.day,available,74,7%,9,"Entertainment,Media,Sports",,,
accepting.day,available,74,3%,9,"Education,Healthcare",,,
skilful.day,available,74,3%,7,"Education,Health and Fitness,Sports",,,
admirable.day,available,74,5%,9,"Business,Education,Healthcare",,,
adamant.day,available,74,14%,7,Religion,,,
broad.day,available,74,13%,5,"Entertainment,General,Media",,,
adenoid.day,available,74,1%,7,"Health and Fitness,Medicine,Science",,,
acuate.day,available,74,2%,6,"Engineering,Medicine,Science",,,
adrenergic.day,available,74,1%,10,"Education,Healthcare,Science",,,
abnormal.day,available,74,16%,8,"Medicine,Science",,,
supra.day,available,74,25%,5,"Medicine,Science",,,
aberrant.day,available,74,6%,8,"Medicine,Science",,,
achievable.day,available,74,4%,10,"Business,Education,Technology",,,
activated.day,available,74,9%,9,"Healthcare,Manufacturing,Technology",,,
abreast.day,available,72,2%,7,"Business,Technology",,,
liv.day,available,72,27%,3,Mathematics,,,
improvize.day,available,72,1%,9,Entertainment,,,
accustomed.day,available,72,1%,10,"Business,Education,Humanities",,,
adonic.day,available,72,2%,6,"Arts,Education,Entertainment",,,
trey.day,available,72,14%,4,Sports,,,
ternary.day,available,72,7%,7,Mathematics,,,
abloom.day,available,72,5%,6,Agriculture,,,
trinity.day,available,72,18%,7,Religion,,,
seventieth.day,available,72,1%,10,Mathematics,,,
champion.day,available,72,28%,8,"Entertainment,Health and Fitness,Sports",,,
deep.day,available,72,41%,4,"Engineering,Mathematics,Science",,,
ninetieth.day,available,72,1%,9,Mathematics,,,
absolutist.day,available,72,1%,10,"Humanities,Law,Politics",,,
existent.day,available,72,3%,8,"Mathematics,Science",,,
sixtieth.day,available,72,1%,8,Mathematics,,,
engrossed.day,available,72,1%,9,"Entertainment,Media,Technology",,,
absorbed.day,available,72,2%,8,"Entertainment,Media,Technology",,,
adjunctive.day,available,72,1%,10,"Healthcare,Manufacturing,Technology",,,
adaptative.day,available,72,1%,10,"Business,Education,Technology",,,
adiabatic.day,available,72,3%,9,"Engineering,Science",,,
accusative.day,available,72,0%,10,"Humanities,Law",,,
adjectival.day,available,72,1%,10,Education,,,
eightieth.day,available,72,1%,9,Mathematics,,,
aching.day,available,72,4%,6,Healthcare,,,
addicted.day,available,72,9%,8,Healthcare,,,
acuminate.day,available,70,1%,9,"Engineering,Medicine,Science",,,
skillful.day,available,70,9%,8,"Education,Health and Fitness,Sports",,,
adored.day,available,70,6%,6,"Entertainment,Fashion,Retail",,,
gymnastic.day,available,70,3%,9,"Entertainment,Sports",,,
admired.day,available,70,5%,7,"Business,Education,Healthcare",,,
offhand.day,available,70,2%,7,Entertainment,,,
unity.day,available,70,40%,5,Mathematics,,,
adjusted.day,available,70,5%,8,"Manufacturing,Retail,Technology",,,
abradant.day,available,70,1%,8,"Construction,Manufacturing",,,
tiptop.day,available,70,24%,6,Fashion,,,
absorbing.day,available,70,3%,9,"Entertainment,Media,Technology",,,
adamantine.day,available,70,4%,10,Religion,,,
stillborn.day,available,70,2%,9,"Medicine,Science",,,
recumbent.day,available,70,2%,9,"Healthcare,Medicine,Science",,,
accumbent.day,available,70,1%,9,"Healthcare,Medicine,Science",,,
abulic.day,available,70,1%,6,Medicine,,,
lowdown.day,available,70,6%,8,"Entertainment,Media",,,
consequent.day,available,70,3%,10,"Business,Education,General,Technology",,,
practiced.day,available,70,3%,9,"Education,Health and Fitness,Sports",,,
ablative.day,available,68,3%,8,Science,,,
overseas.day,available,68,12%,8,"Hospitality,Travel",,,
abkhas.day,available,68,0%,6,Geography,,,
licensed.day,available,68,5%,8,"Business,Healthcare,Insurance",,,
activating.day,available,68,3%,10,"Healthcare,Manufacturing,Technology",,,
decorated.day,available,68,3%,9,"Entertainment,Fashion,Retail",,,
threesome.day,available,68,5%,9,Entertainment,,,
stygian.day,available,68,5%,7,Humanities,,,
foursome.day,available,68,4%,8,Sports,,,
achaian.day,available,68,2%,7,Humanities,,,
abducent.day,available,68,0%,8,Medicine,,,
achaean.day,available,68,2%,7,Humanities,,,
aroused.day,available,68,3%,7,"Entertainment,Health and Fitness",,,
disciple.day,available,68,14%,8,"Education,Religion",,,
septenary.day,available,68,1%,9,Mathematics,,,
thirtieth.day,available,68,1%,9,Mathematics,,,
ane.day,available,68,12%,3,Mathematics,,,
acerate.day,available,68,1%,7,Science,,,
accredited.day,available,68,9%,10,"Business,Education,Healthcare",,,
scurvy.day,available,68,3%,6,Humanities,,,
abnaki.day,available,68,1%,6,Geography,,,
fiftieth.day,available,68,0%,8,Mathematics,,,
octonary.day,available,68,1%,8,Mathematics,,,
aculeate.day,available,68,1%,8,"Engineering,Medicine,Science",,,
fortieth.day,available,68,0%,8,Mathematics,,,
licenced.day,available,68,2%,8,"Business,Healthcare,Insurance",,,
ennead.day,available,68,5%,6,Mathematics,,,
vindicated.day,available,68,2%,10,"Humanities,Law,Politics",,,
aberdonian.day,available,68,1%,10,Geography,,,
sevener.day,available,68,1%,7,Mathematics,,,
adorned.day,available,66,5%,7,"Entertainment,Fashion,Retail",,,
xxi.day,available,66,10%,3,Mathematics,,,
xxvi.day,available,66,3%,4,Mathematics,,,
according.day,available,66,3%,9,"Business,Education,Technology",,,
exonerated.day,available,66,2%,10,"Humanities,Law,Politics",,,
tenner.day,available,66,5%,6,Finance,,,
xxv.day,available,66,6%,3,Mathematics,,,
ninety.day,available,66,11%,6,Mathematics,,,
buzzing.day,available,66,7%,7,"Entertainment,Media,Technology",,,
acappella.day,available,66,6%,10,Entertainment,,,
onec.day,available,66,6%,5,Mathematics,,,
xiii.day,available,66,9%,4,Mathematics,,,
abstinent.day,available,66,1%,9,"Health and Fitness,Religion",,,
maven.day,available,66,30%,5,"Entertainment,Fashion,Technology",,,
acervate.day,available,66,1%,8,Science,,,
adopted.day,available,66,4%,7,"Education,Healthcare",,,
sextet.day,available,66,1%,6,Entertainment,,,
deuce.day,available,66,9%,5,Sports,,,
six.day,available,66,26%,3,Mathematics,,,
xii.day,available,66,10%,3,Mathematics,,,
fifty.day,available,66,12%,5,Mathematics,,,
modish.day,available,66,5%,6,Fashion,,,
xviii.day,available,66,5%,5,Mathematics,,,
xvi.day,available,66,5%,3,Mathematics,,,
teenager.day,available,66,4%,8,"Education,Entertainment,Healthcare",,,
xvii.day,available,66,5%,4,Mathematics,,,
clv.day,available,66,10%,3,Mathematics,,,
century.day,available,66,17%,7,Education,,,
eighty.day,available,66,6%,6,Mathematics,,,
acrobatic.day,available,66,4%,9,"Entertainment,Sports",,,
four.day,available,66,27%,4,Mathematics,,,
latest.day,available,66,18%,6,Technology,,,
thirty.day,available,66,8%,6,Mathematics,,,
accessary.day,available,66,1%,9,"Business,Law,Technology",,,
xxii.day,available,66,6%,4,Mathematics,,,
astringent.day,available,64,1%,10,"Healthcare,Pharmaceuticals",,,
ccc.day,available,64,38%,3,Mathematics,,,
acentric.day,available,64,2%,8,Science,,,
absolved.day,available,64,1%,8,"Humanities,Law,Religion",,,
rising.day,available,64,18%,6,"Construction,Manufacturing,Real Estate",,,
deviant.day,available,64,12%,7,"Medicine,Science",,,
nondrinker.day,available,64,1%,10,"Health and Fitness,Religion",,,
accordant.day,available,64,3%,9,"Arts,Entertainment",,,
scatty.day,available,64,1%,6,"Arts,Entertainment,Media",,,
aflame.day,available,64,3%,6,Entertainment,,,
cumulative.day,available,62,2%,10,"Banking,Finance,Insurance",,,
accusing.day,available,62,1%,8,Law,,,
longdozen.day,available,62,2%,10,Mathematics,,,
roughly.day,available,62,3%,7,"Business,Media,Technology",,,
acidic.day,available,62,5%,6,"Food and Beverage,Science",,,
fortyfour.day,available,62,6%,10,Mathematics,,,
aborigine.day,available,62,1%,9,Humanities,,,
ensuant.day,available,62,1%,7,"Healthcare,Insurance,Transportation",,,
adoptive.day,available,62,1%,8,"Education,Healthcare",,,
pungent.day,available,62,1%,7,Food and Beverage,,,
abo.day,available,62,15%,3,Science,,,
nail.day,available,62,16%,4,"Construction,Fashion,General,Retail",,,
quartet.day,available,62,7%,7,"Arts,Entertainment",,,
chiliad.day,available,62,2%,7,Mathematics,,,
adjuvant.day,available,62,5%,8,"Healthcare,Manufacturing,Technology",,,
activistic.day,available,62,1%,10,"Humanities,Politics",,,
admissible.day,available,62,1%,10,"Education,Healthcare,Law",,,
troika.day,available,62,8%,6,Politics,,,
eleventh.day,available,62,5%,8,Mathematics,,,
accrued.day,available,62,2%,7,"Banking,Finance,Insurance",,,
eighteenth.day,available,62,1%,10,Mathematics,,,
sixteenth.day,available,62,1%,9,Mathematics,,,
twodozen.day,available,62,1%,9,Mathematics,,,
orso.day,available,62,9%,5,"Business,Media,Technology",,,
playacting.day,available,62,1%,10,Entertainment,,,
exculpated.day,available,62,1%,10,"Humanities,Law,Politics",,,
aufait.day,available,62,3%,7,"Fashion,Media",,,
thou.day,available,60,7%,4,Mathematics,,,
paunchy.day,available,60,0%,7,"Health and Fitness,Medicine",,,
acceptive.day,available,60,1%,9,"Education,Healthcare",,,
cautionary.day,available,60,1%,10,"Business,Education,Healthcare",,,
eightysix.day,available,60,7%,10,Mathematics,,,
clxxx.day,available,60,1%,5,Mathematics,,,
clxxv.day,available,60,1%,5,Mathematics,,,
clx.day,available,60,10%,3,Mathematics,,,
cxv.day,available,60,4%,3,Mathematics,,,
sixty.day,available,60,13%,5,Mathematics,,,
abashed.day,available,60,1%,7,Humanities,,,
tertiary.day,available,60,4%,8,Education,,,
cxx.day,available,60,10%,3,Mathematics,,,
adnexal.day,available,60,1%,7,"Agriculture,Manufacturing,Retail",,,
clxv.day,available,60,1%,4,Mathematics,,,
abstainer.day,available,60,0%,9,"Health and Fitness,Religion",,,
cxlv.day,available,60,2%,4,Mathematics,,,
cxxxv.day,available,60,2%,5,Mathematics,,,
aboveboard.day,available,60,5%,10,"Business,Law",,,
cxxx.day,available,60,4%,4,Mathematics,,,
annexal.day,available,60,1%,7,"Agriculture,Manufacturing,Retail",,,
abstemious.day,available,60,0%,10,"Food and Beverage,Health and Fitness,Hospitality",,,
clxx.day,available,60,3%,4,Mathematics,,,
cxxv.day,available,60,1%,4,Mathematics,,,
octet.day,available,60,12%,5,Arts,,,
cxl.day,available,60,7%,3,Mathematics,,,
xcl.day,available,60,5%,3,Mathematics,,,
idolised.day,available,60,1%,8,"Entertainment,Fashion,Retail",,,
adnate.day,available,60,1%,6,"Agriculture,Manufacturing,Retail",,,
idolized.day,available,60,3%,8,"Entertainment,Fashion,Retail",,,
tercet.day,available,59,2%,6,"Arts,Entertainment,Media",,,
adient.day,available,58,4%,6,"Medicine,Science",,,
abandoned.day,available,58,10%,9,"Construction,Real Estate",,,
hexad.day,available,58,4%,5,Mathematics,,,
quintet.day,available,58,8%,7,"Arts,Entertainment",,,
seventy.day,available,58,7%,7,Mathematics,,,
eighter.day,available,58,2%,7,Mathematics,,,
sixtyone.day,available,58,3%,9,Mathematics,,,
linear.day,available,58,22%,6,"Engineering,Mathematics,Science",,,
adhoc.day,available,58,24%,6,"Business,Engineering,Technology",,,
accented.day,available,58,3%,8,"Arts,Entertainment",,,
acetic.day,available,58,1%,6,"Food and Beverage,Science",,,
abused.day,available,58,5%,6,"Healthcare,Law",,,
adjustive.day,available,58,1%,9,"Manufacturing,Retail,Technology",,,
seven.day,available,58,36%,5,Mathematics,,,
heptad.day,available,58,1%,6,Mathematics,,,
accretive.day,available,58,6%,9,"Banking,Finance,Insurance",,,
super.day,available,58,47%,5,Business,,,
lxxviii.day,available,58,1%,7,Mathematics,,,
cypher.day,available,58,29%,6,Mathematics,,,
accoutred.day,available,58,1%,9,"Fashion,Manufacturing,Retail",,,
octad.day,available,58,5%,5,Mathematics,,,
sixer.day,available,58,5%,5,Sports,,,
ache.day,available,58,7%,4,Healthcare,,,
centesimal.day,available,58,1%,10,Mathematics,,,
fourth.day,available,58,13%,6,Mathematics,,,
actuarial.day,available,58,8%,9,"Finance,Insurance,Mathematics",,,
closeto.day,available,58,3%,8,"Business,Media,Technology",,,
justabout.day,available,58,3%,10,"Business,Media,Technology",,,
lxxx.day,available,58,2%,4,Mathematics,,,
addressed.day,available,58,3%,9,"Business,Technology,Telecommunications",,,
addible.day,available,58,2%,7,"Engineering,Mathematics,Science",,,
abridged.day,available,58,4%,8,Media,,,
alacarte.day,available,58,11%,10,Food and Beverage,,,
sextuplet.day,available,58,1%,9,Healthcare,,,
niner.day,available,58,5%,5,Mathematics,,,
acyclic.day,available,58,4%,7,"Engineering,Mathematics,Science",,,
offhanded.day,available,58,1%,9,Entertainment,,,
abuzz.day,available,58,5%,5,"Entertainment,Media,Technology",,,
tetrad.day,available,58,5%,6,Mathematics,,,
aucourant.day,available,58,3%,10,"Fashion,Media",,,
enwrapped.day,available,58,0%,9,"Entertainment,Fashion,Media",,,
fourscore.day,available,58,4%,9,Mathematics,,,
twelfth.day,available,58,2%,7,Mathematics,,,
pentad.day,available,58,2%,6,Mathematics,,,
admissive.day,available,56,1%,9,"Education,Healthcare,Hospitality",,,
thirtytwo.day,available,56,5%,10,Mathematics,,,
xlii.day,available,56,5%,4,Mathematics,,,
xxxiv.day,available,56,1%,5,Mathematics,,,
fiftyfive.day,available,56,7%,10,Mathematics,,,
xliii.day,available,56,1%,5,Mathematics,,,
admittable.day,available,56,1%,10,"Education,Healthcare,Hospitality",,,
fiftyone.day,available,56,7%,9,Mathematics,,,
ilx.day,available,56,5%,3,Mathematics,,,
aone.day,available,56,15%,5,Food and Beverage,,,
xlvii.day,available,56,2%,5,Mathematics,,,
xxvii.day,available,56,3%,5,Mathematics,,,
xxiv.day,available,56,5%,4,Mathematics,,,
triad.day,available,56,15%,5,Arts,,,
xxxi.day,available,56,9%,4,Mathematics,,,
xlv.day,available,56,6%,3,Mathematics,,,
maledict.day,available,56,1%,8,Religion,,,
fiftynine.day,available,56,4%,10,Mathematics,,,
accoutered.day,available,56,0%,10,"Fashion,Manufacturing,Retail",,,
fortynine.day,available,56,3%,10,Mathematics,,,
abeyant.day,available,56,1%,7,"Business,Law",,,
lvii.day,available,56,1%,4,Mathematics,,,
xxiii.day,available,56,5%,5,Mathematics,,,
fiftysix.day,available,56,4%,9,Mathematics,,,
admittible.day,available,56,1%,10,"Education,Healthcare,Hospitality",,,
xxxiii.day,available,56,2%,6,Mathematics,,,
addled.day,available,56,2%,6,Entertainment,,,
liii.day,available,56,4%,4,Mathematics,,,
fiftyfour.day,available,56,3%,10,Mathematics,,,
abdominous.day,available,56,0%,10,"Health and Fitness,Medicine",,,
fiftytwo.day,available,56,6%,9,Mathematics,,,
xxix.day,available,56,4%,4,Mathematics,,,
fortysix.day,available,56,3%,9,Mathematics,,,
lvi.day,available,56,8%,3,Mathematics,,,
xlvi.day,available,56,3%,4,Mathematics,,,
xxviii.day,available,56,1%,6,Mathematics,,,
xliv.day,available,56,2%,4,Mathematics,,,
xlviii.day,available,56,1%,6,Mathematics,,,
potbellied.day,available,56,0%,10,"Health and Fitness,Medicine",,,
appressed.day,available,56,0%,9,"Agriculture,Manufacturing,Retail",,,
lviii.day,available,56,1%,5,Mathematics,,,
xxxviii.day,available,56,1%,7,Mathematics,,,
terzetto.day,available,56,3%,8,Arts,,,
thirtyone.day,available,56,5%,10,Mathematics,,,
xxxii.day,available,56,1%,5,Mathematics,,,
thirtysix.day,available,56,5%,10,Mathematics,,,
fortytwo.day,available,56,17%,9,Mathematics,,,
xli.day,available,56,5%,3,Mathematics,,,
fortyone.day,available,56,4%,9,Mathematics,,,
halfdozen.day,available,56,1%,10,Mathematics,,,
xxxv.day,available,56,4%,4,Mathematics,,,
lii.day,available,56,7%,3,Mathematics,,,
xxxvi.day,available,56,1%,5,Mathematics,,,
xxxvii.day,available,56,2%,6,Mathematics,,,
topnotch.day,available,54,18%,8,Business,,,
sise.day,available,54,5%,4,Mathematics,,,
twoscore.day,available,54,2%,8,Mathematics,,,
accentual.day,available,54,3%,9,"Arts,Entertainment",,,
abhorrent.day,available,54,1%,9,Humanities,,,
deserted.day,available,54,3%,8,"Hospitality,Real Estate",,,
achy.day,available,54,3%,4,Healthcare,,,
viii.day,available,54,6%,4,Mathematics,,,
fin.day,available,54,30%,3,Finance,,,
abatable.day,available,54,1%,8,Law,,,
threescore.day,available,54,1%,10,Mathematics,,,
adducent.day,available,54,1%,8,"Engineering,Mathematics,Science",,,
adaxial.day,available,54,2%,7,Science,,,
admonitory.day,available,54,0%,10,"Business,Education,Healthcare",,,
abasic.day,available,54,1%,6,Science,,,
adjuratory.day,available,54,0%,10,"Law,Politics,Religion",,,
acoustical.day,available,54,4%,10,Science,,,
actuated.day,available,54,2%,8,"Automotive,Manufacturing,Technology",,,
accursed.day,available,54,3%,8,"Entertainment,Media,Religion",,,
aboral.day,available,54,2%,6,Science,,,
abient.day,available,54,1%,6,Science,,,
ternion.day,available,54,3%,7,Mathematics,,,
scratchy.day,available,54,3%,8,Fashion,,,
quaternity.day,available,54,4%,10,Mathematics,,,
adpressed.day,available,54,0%,9,"Agriculture,Manufacturing,Retail",,,
adductive.day,available,54,0%,9,"Engineering,Mathematics,Science",,,
quintuplet.day,available,54,1%,10,"Healthcare,Medicine,Science",,,
quadruplet.day,available,54,1%,10,"Healthcare,Medicine,Science",,,
deuceace.day,available,54,2%,9,Sports,,,
abaxial.day,available,54,1%,7,Science,,,
adducting.day,available,54,1%,9,"Engineering,Mathematics,Science",,,
monitory.day,available,54,3%,8,"Business,Education,Healthcare",,,
vii.day,available,54,13%,3,Mathematics,,,
fortyfive.day,available,54,4%,10,Mathematics,,,
achromatic.day,available,54,4%,10,Science,,,
unnatural.day,available,54,4%,9,"Medicine,Science",,,
iii.day,available,54,24%,3,Mathematics,,,
abducens.day,available,54,1%,8,Medicine,,,
abatic.day,available,54,1%,6,Science,,,
quatern.day,available,54,2%,7,Mathematics,,,
quaternion.day,available,54,6%,10,Mathematics,,,
sestet.day,available,53,1%,6,Arts,,,
xxx.day,available,53,30%,3,"Arts,Entertainment,Media",,,
septet.day,available,53,1%,6,General,,,
xcv.day,available,52,7%,3,Mathematics,,,
lxxiii.day,available,52,1%,6,Mathematics,,,
lxvi.day,available,52,3%,4,Mathematics,,,
sixtytwo.day,available,52,3%,9,Mathematics,,,
lxxvii.day,available,52,2%,6,Mathematics,,,
odious.day,available,52,2%,6,"Entertainment,Humanities",,,
xciv.day,available,52,2%,4,Mathematics,,,
lxxxi.day,available,52,1%,5,Mathematics,,,
xci.day,available,52,4%,3,Mathematics,,,
chagrined.day,available,52,1%,9,Humanities,,,
ninetyone.day,available,52,5%,10,Mathematics,,,
abysmal.day,available,52,4%,7,"Arts,Entertainment,Media",,,
tierce.day,available,52,3%,6,General,,,
lxxxv.day,available,52,1%,5,Mathematics,,,
eightyone.day,available,52,3%,10,Mathematics,,,
aboulic.day,available,52,1%,7,Medicine,,,
eightytwo.day,available,52,4%,10,Mathematics,,,
ixc.day,available,52,5%,3,Mathematics,,,
lxiv.day,available,52,3%,4,Mathematics,,,
sixtysix.day,available,52,4%,9,Mathematics,,,
ninetytwo.day,available,52,4%,10,Mathematics,,,
uphill.day,available,52,7%,6,"Sports,Transportation,Travel",,,
sixtyfive.day,available,52,3%,10,Mathematics,,,
repugnant.day,available,52,1%,9,Humanities,,,
lxxi.day,available,52,1%,4,Mathematics,,,
lxiii.day,available,52,2%,5,Mathematics,,,
abusive.day,available,52,3%,7,"Healthcare,Law",,,
detestable.day,available,52,1%,10,Humanities,,,
abominable.day,available,52,2%,10,"Entertainment,Humanities",,,
decumbent.day,available,52,1%,9,"Healthcare,Medicine,Science",,,
lxxv.day,available,52,1%,4,Mathematics,,,
lxv.day,available,52,5%,3,Mathematics,,,
xcvii.day,available,52,1%,5,Mathematics,,,
lxii.day,available,52,1%,4,Mathematics,,,
xcviii.day,available,52,1%,6,Mathematics,,,
sixtyfour.day,available,52,3%,10,Mathematics,,,
lxxxvii.day,available,52,1%,7,Mathematics,,,
xcvi.day,available,52,2%,4,Mathematics,,,
ablated.day,available,52,1%,7,Science,,,
lxxiv.day,available,52,1%,5,Mathematics,,,
abstruse.day,available,52,5%,8,"Humanities,Mathematics,Science",,,
lxvii.day,available,52,1%,5,Mathematics,,,
ixl.day,available,52,9%,3,Mathematics,,,
xciii.day,available,52,1%,5,Mathematics,,,
lxxxiv.day,available,52,1%,6,Mathematics,,,
adenoidal.day,available,52,1%,9,"Health and Fitness,Medicine,Science",,,
lxxvi.day,available,52,1%,5,Mathematics,,,
ninetysix.day,available,52,4%,10,Mathematics,,,
lxviii.day,available,52,1%,6,Mathematics,,,
xcii.day,available,52,2%,4,Mathematics,,,
littlejoe.day,available,52,2%,10,"Entertainment,Media",,,
lxxxiii.day,available,52,1%,7,Mathematics,,,
lxi.day,available,52,5%,3,Mathematics,,,
lxxii.day,available,52,1%,5,Mathematics,,,
repulsive.day,available,52,1%,9,Humanities,,,
lxxxii.day,available,52,1%,6,Mathematics,,,
lxxxvi.day,available,52,1%,6,Mathematics,,,
trine.day,available,50,11%,5,"General,Religion",,,
abbatial.day,available,50,0%,8,Religion,,,
acerose.day,available,50,1%,7,Science,,,
lxx.day,available,50,5%,3,Mathematics,,,
quint.day,available,50,13%,5,"Arts,Entertainment",,,
acquitted.day,available,50,1%,9,Law,,,
abranchial.day,available,50,0%,10,Science,,,
acapnotic.day,available,50,0%,9,"Healthcare,Medicine,Science",,,
abomasal.day,available,50,0%,8,Agriculture,,,
ogdoad.day,available,50,1%,6,Mathematics,,,
needlelike.day,available,50,0%,10,"Engineering,Medicine,Science",,,
aculeated.day,available,50,0%,9,"Engineering,Medicine,Science",,,
abdicable.day,available,50,0%,9,Law,,,
scummy.day,available,50,1%,6,Humanities,,,
triplet.day,available,50,8%,7,Science,,,
broached.day,available,50,0%,8,Food and Beverage,,,
aborticide.day,available,50,0%,10,Medicine,,,
cinque.day,available,50,7%,6,Mathematics,,,
acerb.day,available,50,2%,5,Science,,,
abducting.day,available,50,0%,9,Medicine,,,
gillless.day,available,50,0%,9,Science,,,
adhominem.day,available,50,2%,10,"Humanities,Law,Politics",,,
acellular.day,available,50,1%,9,Science,,,
vinegary.day,available,50,1%,8,Food and Beverage,,,
acerbic.day,available,50,2%,7,"Arts,Humanities,Media",,,
adactylous.day,available,50,0%,10,Science,,,
acetous.day,available,50,1%,7,Science,,,
acapnic.day,available,50,0%,7,"Healthcare,Medicine,Science",,,
acetose.day,available,50,1%,7,Science,,,
spinous.day,available,50,1%,7,"Agriculture,Science",,,
abactinal.day,available,50,0%,9,Science,,,
acaudal.day,available,50,1%,7,"Agriculture,Science",,,
execrable.day,available,48,0%,9,"Entertainment,Humanities",,,
ilxxx.day,available,48,1%,5,Mathematics,,,
abstracted.day,available,48,5%,10,"Arts,Humanities,Science",,,
notguilty.day,available,48,5%,10,Law,,,
ilxx.day,available,48,1%,4,Mathematics,,,
lxxxviii.day,available,48,1%,8,Mathematics,,,
apriori.day,available,48,13%,8,Mathematics,,,
abyssal.day,available,48,12%,7,"Arts,Entertainment,Media",,,
acanthoid.day,available,46,1%,9,"Agriculture,Science",,,
acetylenic.day,available,46,1%,10,Science,,,
achromous.day,available,46,1%,9,Science,,,
acetabular.day,available,46,1%,10,Science,,,
acetonic.day,available,46,1%,8,Science,,,
acaudate.day,available,46,1%,8,"Agriculture,Science",,,
acarpous.day,available,46,0%,8,"Agriculture,Science",,,
achenial.day,available,46,1%,8,Science,,,
stripling.day,available,46,2%,9,"Education,Entertainment,Healthcare",,,
acapnial.day,available,46,0%,8,"Healthcare,Medicine,Science",,,
vinegarish.day,available,46,1%,10,Food and Beverage,,,
acheronian.day,available,46,1%,10,Humanities,,,
acanthotic.day,available,46,0%,10,"Agriculture,Science",,,
acicular.day,available,46,2%,8,Science,,,
quaternary.day,available,46,3%,10,Mathematics,,,
stemless.day,available,46,2%,8,"Agriculture,Science",,,
theabsurd.day,available,46,1%,10,"Arts,Entertainment,Media",,,
achromic.day,available,46,2%,8,Science,,,
acanthous.day,available,46,0%,9,"Agriculture,Science",,,
cotyloid.day,available,46,1%,8,Science,,,
acarpelous.day,available,46,0%,10,"Agriculture,Science",,,
acephalous.day,available,46,1%,10,Science,,,
acetylic.day,available,46,1%,8,Science,,,
acherontic.day,available,44,1%,10,Humanities,,,
accusatory.day,available,44,1%,10,Law,,,
cotyloidal.day,available,44,1%,10,Science,,,
abscessed.day,available,41,0%,9,Healthcare,,,
scurrilous.day,available,40,1%,10,"Entertainment,Media,Politics",,,
accusive.day,available,40,1%,8,Law,,,
accurst.day,available,40,1%,7,Religion,,,